-0.380352,-0.390977,a
-0.41668,0.214674,a
-0.974757,0.263573,a
-1.129312,-0.387884,a
1.054486,-0.333915,a
-0.867611,-0.226268,a
0.619771,0.025771,a
-0.996005,0.654919,a
0.456408,-0.93646,a
-0.475795,0.703921,a
0.942539,-0.065533,a
-0.420138,0.606288,a
0.035121,-0.637674,a
0.321086,0.870754,a
0.748663,-0.719158,a
-0.490811,0.860318,a
1.040494,0.154433,a
-0.167861,-0.48382,a
0.426465,0.997589,a
0.436795,0.104234,a
-0.465864,0.067546,a
-0.546006,-0.868762,a
0.622312,0.284414,a
0.509688,0.881505,a
0.620563,0.22835,a
0.373965,0.585739,a
0.85725,-0.671118,a
1.060398,-0.380307,a
-0.550574,-0.610252,a
0.854626,-0.17233,a
-0.034135,-0.018311,a
0.655937,0.858635,a
0.638324,0.030895,a
0.222787,-0.414236,a
-0.755385,-0.648495,a
1.106918,0.238327,a
-0.590759,-0.564941,a
-0.94863,-0.693034,a
-1.022122,-0.395484,a
0.163433,0.263014,a
0.564339,0.992619,a
0.155052,0.580078,a
-0.580772,-0.17694,a
0.484564,-0.434955,a
1.080483,-0.306667,a
0.635704,-0.563401,a
-0.980787,0.12691,a
-0.919411,0.649461,a
-0.753007,-0.195943,a
0.011188,-0.489718,a
-0.333126,0.620329,a
0.455174,-0.518463,a
-0.00594,0.961309,a
-0.503314,-0.527291,a
0.703687,0.526678,a
1.016092,-0.557092,a
0.056623,0.269662,a
-0.493889,0.336316,a
0.206158,-0.064831,a
0.796905,-0.646065,a
0.796853,0.107234,a
0.242114,-1.088646,a
0.161436,-1.078477,a
-0.786555,0.448116,a
0.798472,-0.755166,a
0.001304,0.281834,a
-0.133434,0.043841,a
0.589138,-0.572047,a
0.941217,0.131224,a
0.093949,0.874907,a
-0.518883,-0.343309,a
-0.396081,0.440444,a
-0.404931,-0.893242,a
-0.449959,-1.003387,a
-0.143215,1.073138,a
-0.337558,0.612475,a
0.525389,-0.232919,a
-0.092153,-0.713471,a
0.614304,-0.225856,a
-1.149714,0.126845,a
0.301934,-0.229059,a
-0.714834,0.865406,a
-0.5355,0.411802,a
-0.53908,-0.729739,a
0.004133,1.113172,a
-0.368599,1.034293,a
0.273292,0.855253,a
0.02124,0.731093,a
0.746092,-0.637535,a
-0.060388,0.475824,a
0.74211,-0.629121,a
-0.349794,0.035115,a
-0.957372,0.458524,a
-0.39017,0.33843,a
0.363268,-1.053361,a
0.058704,0.224547,a
0.89195,-0.375584,a
-0.082752,0.142115,a
-0.95678,0.341734,a
0.729517,-0.806659,a
-0.129197,0.472128,a
0.145971,-0.852413,a
-0.169943,-0.100867,a
0.31869,0.990968,a
0.673796,-0.538182,a
0.817179,0.854101,a
0.186444,-0.623523,a
0.53214,-0.219304,a
0.108283,0.114105,a
0.38363,-0.950707,a
0.112895,0.231929,a
0.697558,0.687522,a
0.78721,0.327726,a
0.533302,-0.510028,a
-0.760357,0.297018,a
-0.880193,0.256176,a
-0.836778,0.804875,a
-0.039233,-0.24181,a
-0.041455,0.985708,a
0.791567,-0.15695,a
0.538268,-0.170167,a
-0.944801,0.364802,a
-0.664354,-0.323996,a
-1.008966,0.117599,a
-0.586613,-0.327906,a
0.153774,1.114176,a
-0.826399,0.641861,a
-0.261191,1.089947,a
0.614613,0.863131,a
0.854434,-0.799484,a
-0.379692,0.177448,a
-0.084142,0.734663,a
-0.313214,1.140179,a
-0.509309,-0.954113,a
-0.028102,0.794123,a
-0.83208,-0.773619,a
1.062523,0.016815,a
-0.174417,-1.095933,a
0.4473,0.65745,a
-0.080067,0.950909,a
-0.741457,-0.7769,a
-0.6603,-0.147151,a
-0.233516,-1.110734,a
-0.734722,-0.143868,a
-0.021935,-0.848389,a
0.300297,-0.850992,a
-0.02433,0.774118,a
0.760093,-0.220243,a
0.482623,-0.336172,a
0.023048,-0.179681,a
0.413835,-1.001539,a
-0.293597,-0.237008,a
-1.037089,0.003575,a
0.209883,-0.892722,a
-0.668529,-0.832356,a
1.044223,0.178181,a
0.572459,-0.983493,a
0.724322,-0.645972,a
-0.106161,-0.411722,a
-0.939354,0.654076,a
0.220598,0.495859,a
-0.949965,-0.12399,a
0.331705,0.380413,a
-0.257851,0.980145,a
1.161128,0.273347,a
-0.98047,-0.602757,a
0.522778,0.40158,a
0.167452,-0.45982,a
-0.248372,-0.205675,a
-0.065904,0.480932,a
-0.056856,1.056737,a
-0.416361,-0.382198,a
0.198184,-0.668861,a
0.929375,-0.546538,a
0.716798,-0.436879,a
0.919932,0.060552,a
0.253758,0.599888,a
0.377887,0.514961,a
0.450405,-0.226589,a
0.974274,0.592344,a
1.084732,-0.377949,a
0.588417,-0.901797,a
-0.27231,-0.098128,a
-0.906873,-0.505712,a
0.786379,-0.809734,a
0.310039,-1.089272,a
-0.169512,-0.471964,a
0.051843,1.041639,a
-0.266324,-0.032778,a
0.805428,0.459465,a
-0.074849,-0.578847,a
0.492618,-0.717171,a
-0.575714,-0.847828,a
-0.468064,0.355679,a
0.845203,0.017995,a
-0.414013,-0.252017,a
0.580861,-0.129889,a
0.904168,-0.568344,a
-0.228753,-1.057709,a
0.184315,-0.520138,a
-0.671467,0.23346,a
0.860747,0.302608,a
0.41938,0.472261,a
-0.861543,0.65521,a
0.094292,-1.037365,a
0.094998,0.267867,a
0.52617,-0.239928,a
0.240508,-0.584989,a
0.035093,-0.192279,a
-0.18961,-1.132889,a
-0.317454,-0.440472,a
-0.340882,0.973991,a
0.107715,0.942676,a
-0.97033,0.083667,a
0.81627,-0.300832,a
0.327581,0.887735,a
-0.145292,0.707898,a
-0.597462,0.165097,a
0.283308,-0.22294,a
0.428564,0.139253,a
-0.345331,0.937349,a
0.297707,-1.111281,a
-0.363196,-1.016051,a
0.134369,-1.116582,a
-0.04365,-0.48952,a
-0.453088,-0.580029,a
0.738974,0.582708,a
0.468282,-1.031658,a
0.607919,-0.531311,a
-0.019047,-0.628289,a
-0.125051,1.132601,a
-0.298213,-0.824835,a
0.291406,-0.181066,a
-1.118283,-0.27618,a
0.790701,0.289926,a
-0.697048,-0.172948,a
0.050893,1.029662,a
-0.420884,-0.611109,a
0.155531,-1.168935,a
-1.120877,0.288749,a
-0.157563,-0.657674,a
0.923198,-0.63082,a
-0.601509,-0.741845,a
0.001529,-0.613068,a
0.135863,0.949339,a
0.548729,-0.921445,a
-0.667838,0.417111,a
0.247657,0.847072,a
-0.577972,0.930447,a
0.357841,0.27876,a
-0.472585,-0.52969,a
0.274994,-0.951917,a
-0.987116,-0.594588,a
-0.902581,0.526362,a
0.533179,-0.601162,a
0.808961,-0.716644,a
0.642345,-0.268873,a
-0.25029,-1.089732,a
-0.640746,0.712114,a
0.428921,-0.390541,a
1.054576,-0.571442,a
-0.447872,0.359596,a
1.119937,-0.423194,a
0.7492,-0.726525,a
-0.085723,-1.02525,a
-0.060741,0.355649,a
0.228829,0.80683,a
0.089457,-0.183877,a
-0.163533,-0.819495,a
-1.009554,0.235208,a
0.786397,0.745312,a
0.573301,0.896112,a
1.141267,-0.190348,a
0.858783,-0.73681,a
-0.42916,-0.172383,a
0.301794,-0.744082,a
0.937546,-0.483943,a
-0.045574,-0.580884,a
-0.05215,1.146975,a
0.151387,-0.941188,a
-1.080905,0.169522,a
0.563313,0.99447,a
0.140191,-1.133057,a
-0.019141,0.36533,a
0.451846,0.747514,a
0.957236,-0.570161,a
-0.728195,0.549763,a
-0.949147,-0.568033,a
-0.305698,0.023366,a
-0.926086,-0.591281,a
-0.950859,-0.200922,a
0.218495,-0.612731,a
-0.68967,-0.890756,a
-0.543713,0.187683,a
-0.196396,0.190611,a
0.18266,-0.372524,a
0.513168,-0.851393,a
0.162044,0.493154,a
-0.705367,0.657527,a
0.442164,-0.155371,a
2.177058,-0.700472,b
-1.688208,-1.626058,b
1.691636,-1.58158,b
1.588604,-1.097625,b
1.630993,-1.370122,b
1.957612,-0.453224,b
-1.572628,-1.720889,b
-2.05786,-0.473645,b
2.224437,-0.020144,b
-2.01982,-0.865399,b
0.605703,-1.933373,b
-0.053677,-2.333044,b
1.868696,-0.486972,b
-1.414546,-1.334059,b
-0.78283,-1.907111,b
-0.686382,-1.922308,b
1.913015,-1.430903,b
-1.865581,-0.711934,b
-0.637037,-2.259492,b
0.850971,-1.73305,b
0.046388,-2.100417,b
-1.872406,-0.792599,b
0.716558,-1.915097,b
-1.735145,-0.819554,b
-1.219081,-1.80732,b
-0.613914,-2.021776,b
-0.492039,-1.98555,b
-1.249234,-1.997357,b
-0.320726,-2.31453,b
0.484055,-2.182857,b
2.184991,-0.272014,b
-1.014297,-1.986404,b
2.035125,-0.65624,b
-2.146442,-0.070458,b
2.226491,-0.264035,b
0.42823,-1.826925,b
1.941272,-0.938384,b
-0.448891,-1.969961,b
-0.483127,-1.919757,b
-1.089611,-1.516229,b
-1.300285,-1.642941,b
1.653364,-1.39313,b
1.69495,-1.287279,b
-0.00932,-1.903803,b
0.198024,-2.172022,b
0.388106,-2.092822,b
-1.422241,-1.676094,b
0.224837,-2.171974,b
1.933461,-1.218224,b
2.068895,-1.153152,b
1.998286,-1.067652,b
-1.82123,-0.700679,b
-1.686475,-0.9551,b
-1.918544,-0.21001,b
-1.620287,-1.093616,b
-1.81945,-0.881615,b
1.17348,-1.809433,b
1.253374,-1.511828,b
2.112269,-0.23648,b
1.903365,-0.232194,b
0.338447,-2.014786,b
-1.366699,-1.873652,b
2.081761,-0.159867,b
0.746088,-2.196401,b
-1.855656,-0.095347,b
2.151861,-1.005499,b
0.573413,-2.303854,b
0.55429,-2.139309,b
1.254273,-2.009763,b
0.46368,-1.900488,b
-1.863058,-1.366634,b
1.857871,-0.472621,b
2.296647,-0.233234,b
2.052925,-0.808581,b
1.222657,-1.487368,b
1.883581,-0.442441,b
-0.562077,-2.221269,b
-1.624178,-1.469771,b
1.484007,-1.226121,b
-2.198452,-0.253133,b
1.843732,-0.499961,b
-1.967594,-0.55779,b
2.149956,-0.601941,b
-0.051375,-2.005252,b
1.115026,-1.939207,b
-0.649663,-1.963092,b
-1.393763,-1.832154,b
-1.239666,-1.688156,b
-1.891654,-0.117615,b
-0.811328,-2.009621,b
2.010941,-0.226898,b
0.512268,-1.7987,b
-1.877176,-0.766306,b
0.756341,-2.004319,b
-0.686301,-1.81448,b
1.56808,-1.002822,b
0.284883,-1.999447,b
-0.62868,-1.749224,b
0.372926,-2.144464,b
-0.163456,-2.152597,b
-0.120222,-2.165268,b
-2.034784,-0.148793,b
0.483282,-2.068216,b
0.251931,-2.21745,b
0.944258,-2.179929,b
-1.704325,-1.173958,b
-0.267692,-2.300595,b
-1.787759,-1.42361,b
1.871422,-0.556618,b
2.179993,-0.749969,b
1.453914,-1.50953,b
-0.689106,-2.044217,b
1.405446,-1.857779,b
-1.978359,-0.348887,b
-2.109995,-0.225912,b
-0.57567,-2.244051,b
-2.318751,-0.102404,b
2.335523,-0.099567,b
-1.770701,-0.316059,b
0.667118,-2.112576,b
-1.889683,-0.680873,b
-1.084547,-1.979792,b
-2.258136,-0.576793,b
-1.309923,-1.692415,b
-2.021331,-0.682401,b
1.702937,-1.510705,b
1.258124,-1.491754,b
-2.203535,-0.245257,b
-1.062651,-1.766871,b
2.273137,-0.06969,b
0.76735,-2.06149,b
0.454008,-2.240766,b
2.01409,-0.545492,b
0.853952,-2.081469,b
-0.412128,-1.988414,b
-1.982086,-0.295465,b
0.251624,-2.228678,b
-1.005143,-1.861135,b
0.808248,-2.180135,b
0.084809,-2.163809,b
0.873401,-2.114756,b
-0.783665,-1.826857,b
1.886334,-0.148327,b
-0.84779,-1.745891,b
-2.227161,-0.620868,b
1.580886,-1.348279,b
-1.245778,-1.789288,b
0.538733,-2.048663,b
-0.028736,-2.136206,b
-1.16985,-1.9121,b
0.012824,-1.89715,b
1.432092,-1.743293,b
-0.36022,-2.176449,b
-1.519338,-1.038005,b
0.666706,-2.032796,b
1.69728,-0.768671,b
-1.317791,-1.798844,b
1.191084,-1.735779,b
1.675578,-1.147226,b
1.394261,-1.429837,b
1.581724,-1.592606,b
-0.80061,-1.909636,b
-0.803906,-2.107343,b
1.580655,-1.772092,b
-1.362382,-1.867553,b
1.712559,-0.743865,b
0.060807,-2.258161,b
1.534301,-1.151734,b
-0.182356,-1.841669,b
-0.861933,-2.189818,b
1.85098,-0.554623,b
2.069769,-0.021183,b
1.584197,-1.524137,b
-2.02534,-0.819806,b
1.677493,-1.045258,b
2.115122,-1.114943,b
1.704441,-1.629846,b
1.895507,-0.583018,b
-0.629899,-2.227671,b
0.821626,-1.859087,b
0.879545,-2.046069,b
1.95133,-0.722472,b
2.060756,-0.66492,b
-0.7536,-2.240861,b
-0.172914,-2.248656,b
1.085948,-1.495359,b
0.894509,-2.164669,b
2.203555,-0.282061,b
1.234779,-1.412033,b
1.565381,-1.351032,b
-0.874604,-1.794564,b
0.03018,-2.040517,b
-1.618401,-1.478813,b
1.431567,-1.858018,b
1.554584,-1.140328,b
0.806906,-1.808066,b
-0.034642,-2.164883,b
0.636203,-2.064201,b
1.861587,-0.594415,b
1.226194,-1.652375,b
0.485991,-2.131435,b
-1.081605,-1.473074,b
1.518851,-1.131193,b
-0.640921,-2.218625,b
-2.177572,-0.411268,b
-0.578641,-2.040479,b
2.027761,-0.930926,b
1.828632,-1.550251,b
-1.770522,-1.470543,b
-1.793794,-0.826823,b
-1.194226,-1.730276,b
0.138415,-2.014583,b
-1.018006,-1.60783,b
1.992254,-1.103715,b
1.885678,-0.78645,b
-0.108757,-2.08124,b
1.944495,-0.129123,b
-1.369905,-1.197773,b
-0.945017,-1.715927,b
-1.838488,-0.240263,b
1.909413,-0.643364,b
-0.694373,-1.76089,b
-1.922263,-0.164429,b
-1.274484,-1.604231,b
-0.239841,-2.015189,b
-1.602298,-0.803416,b
-1.918468,-0.527871,b
-1.864927,-0.549081,b
-0.831973,-1.923386,b
1.75275,-1.081931,b
0.3141,-1.996238,b
0.947228,-1.953192,b
1.966991,-0.344689,b
0.510549,-2.169402,b
0.078557,-2.091634,b
-1.852589,-1.40934,b
-1.928513,-0.716584,b
2.003887,-0.591358,b
-1.674425,-0.985891,b
1.936729,-0.277914,b
-1.858247,-0.284097,b
-1.295236,-1.901573,b
-1.268167,-1.688926,b
-1.898354,-0.26108,b
2.321885,-0.033441,b
1.283527,-2.004942,b
-1.824814,-1.168815,b
-1.533917,-1.726094,b
-0.35435,-2.114695,b
-1.48259,-1.220657,b
-0.423849,-2.25768,b
-2.114039,-0.47963,b
-0.495636,-2.057389,b
-1.00931,-1.969668,b
-1.799449,-0.873785,b
1.807679,-1.49563,b
1.738496,-1.42912,b
0.94913,-1.91489,b
2.050023,-0.272991,b
-0.562329,-2.278901,b
0.391871,-2.008048,b
1.796665,-0.760862,b
-2.013395,-0.035771,b
-1.834843,-0.562819,b
1.153061,-1.957217,b
0.888949,-2.211017,b
-1.822125,-1.106774,b
-1.141816,-1.826008,b
1.53032,-1.414385,b
-0.809002,-1.77057,b
-1.554886,-1.492087,b
-1.702307,-1.453143,b
-2.124616,-0.955515,b
1.965081,-0.758701,b
-1.956048,-1.052726,b
-1.751582,-0.761014,b
0.163691,-1.929002,b
2.137718,-0.937655,b
0.363001,-2.312532,b
2.031417,-0.381147,b
-0.419432,-2.225754,b
1.29065,-1.410528,b
-1.771132,-0.800123,b
1.978412,-0.078655,b
2.293298,-0.463192,b
2.011871,-0.152295,b
-1.642769,-0.862217,b
-1.796492,-0.996227,b
2.041803,-1.108456,b
-1.924379,-1.281212,b
-1.13815,-1.46021,b
-0.895158,-1.874727,b
0.207112,-2.166969,b
-1.839245,-0.817472,b
1.58161,-1.649888,b
1.926648,-1.058277,b
-1.815723,-0.407104,b
1.73104,-1.525931,b
-1.699573,-1.162835,b
-2.231334,-0.279334,b
-1.416775,-1.327647,b
-1.41139,-1.619857,b
1.941862,-0.660002,b
1.632807,-1.347463,b
1.998085,-0.543147,b
2.210479,-0.259806,b
1.299389,-1.513106,b
-2.077536,-0.267688,b
-2.042766,-0.079501,b
1.624225,-0.958483,b
-0.535948,-1.813753,b
0.595705,-2.034044,b
0.191001,-2.162469,b
-1.511514,-1.230184,b
0.892339,-1.935102,b
-1.853896,-0.530087,b
1.331628,-1.582201,b
-1.973535,-1.251677,b
1.156048,-1.447184,b
-1.999438,-1.21885,b
-0.786289,-2.219501,b
0.346938,-2.09611,b
1.663436,-1.562979,b
-0.25454,-1.957426,b
-0.812612,-1.652226,b
2.010874,-0.617865,b
-0.148845,-2.015032,b
-0.294834,-2.303901,b
-2.255755,-0.04474,b
1.084412,-1.856139,b
-1.510855,-1.624829,b
-1.806732,-0.045907,b
2.200726,-0.645805,b
-0.624111,-2.013159,b
-0.040762,-2.150074,b
1.567476,-1.110325,b
-1.851076,-0.094172,b
1.916628,-0.36879,b
1.542769,-1.245692,b
-0.401268,-2.12314,b
-1.432156,-1.118179,b
2.132064,-0.692956,b
-0.101661,-2.298962,b
-2.000319,-0.921251,b
1.041938,-1.574227,b
1.247358,-1.439333,b
1.573069,-1.050955,b
1.544035,-1.664531,b
2.212826,-0.823096,b
1.770873,-1.270964,b
1.850493,-0.572643,b
0.454886,-1.961559,b
1.609241,-1.031372,b
1.5331,-1.777308,b
1.37512,-1.389095,b
2.271857,-0.680486,b
-0.353805,-1.968343,b
-0.402282,-1.812958,b
1.338233,-1.720374,b
0.599071,-2.154696,b
-1.853305,-0.285792,b
0.320859,-1.850844,b
1.899784,-0.814262,b
0.267961,-2.094705,b
0.686276,-2.186386,b
1.800037,-1.471541,b
1.224583,-1.717514,b
-2.075841,-0.964019,b
2.009437,-0.433403,b
-0.552678,-1.870989,b
1.187871,-1.414547,b
2.196939,-0.590636,b
-0.474569,-1.882277,b
2.066652,-0.223613,b
-2.283947,-0.13854,b
0.09763,-1.823814,b
1.282003,-1.515698,b
-2.211916,-0.302601,b
1.543496,-1.829317,b
-1.951014,-1.154848,b
0.647434,-1.75744,b
-1.816562,-0.204629,b
2.080524,-0.579434,b
-1.310082,-1.84396,b
-0.987017,-1.829705,b
-1.770832,-0.658887,b
-2.169527,-0.089284,b
1.896492,-1.319152,b
-2.280107,-0.092884,b
1.128399,-1.577336,b
-2.194966,-0.134284,b
1.435054,-1.351009,b
-1.943672,-1.213175,b
1.414845,-1.925956,b
0.362546,-1.897722,b
1.946824,-0.856687,b
0.204162,-2.167546,b
1.764561,-1.276048,b
-2.034549,-0.661591,b
2.021623,-0.315808,b
-2.113787,-0.361855,b
-1.602933,-1.31976,b
-1.680883,-1.206002,b
-1.21642,-1.520163,b
-2.054733,-0.596349,b
0.488604,-2.081075,b
2.171931,-0.397544,b
0.58851,-2.135644,b
2.095404,-0.834041,b
1.857619,-0.404175,b
2.059924,-1.206218,b
-1.980972,-1.191368,b
-0.332758,-1.899709,b
1.691869,-1.624327,b
0.460464,-1.869034,b
-1.76424,-0.47025,b
1.801119,-0.47417,b
0.999815,-2.028851,b
-1.647005,-1.314143,b
0.12989,-2.072561,b
1.157678,-1.809962,b
-1.794228,-0.201094,b
-1.500265,-1.715751,b
0.460471,-2.326785,b
0.174849,-1.849353,b
-0.924216,-1.773252,b
0.061618,-1.842466,b
1.050002,-1.534627,b
-0.509959,-2.182583,b
-1.90798,-0.350194,b
0.665078,-2.059436,b
2.273954,-0.532991,b
-1.846991,-0.437591,b
-2.109243,-0.237226,b
1.551183,-1.144141,b
-1.510836,-1.239265,b
1.527138,-1.453529,b
0.17667,-2.298036,b
0.079772,-2.170927,b
-1.675477,-1.391447,b
-1.623162,-1.215099,b
0.180534,-1.996024,b
-1.156079,-2.044966,b
-0.465428,-1.901906,b
-1.935958,-0.64312,b
1.020776,-2.007996,b
-1.557629,-0.942325,b
1.804805,-0.521106,b
-0.976708,-2.03496,b
0.360661,-1.867176,b
-1.433196,-1.206096,b
-1.834257,-0.694833,b
2.144649,-0.431363,b
-0.941686,-1.75684,b
2.178224,-0.586544,b
-1.062881,-1.662994,b
2.29755,-0.723473,b
-2.248044,-0.488783,b
0.359776,-2.159283,b
1.174106,-1.591768,b
0.736896,-1.966343,b
-1.209225,-1.343626,b
1.041484,-1.859917,b
2.187398,-0.058386,b
2.039782,-0.367688,b
1.059077,-2.059781,b
0.425681,-2.29083,b
1.386259,-1.392268,b
0.098136,-2.145934,b
0.612571,-2.086014,b
-0.974248,-2.10224,b
1.198824,-1.731179,b
-0.697292,-1.835142,b
0.607808,-1.859146,b
2.35834,-0.198862,b
-1.917408,-1.206751,b
2.246976,-0.423657,b
-0.851805,-1.945003,b
2.061665,-0.063021,b
0.828662,-1.995545,b
1.627709,-1.617597,b
-2.300459,-0.029711,b
0.513842,-2.151698,b
-1.546609,-1.121423,b
-2.185774,-0.32322,b
-2.134847,-0.237457,b
2.232626,-0.502017,b
-0.441734,-1.779793,b
-0.925402,-1.566519,b
1.857467,-0.442907,b
1.798381,-0.645306,b
1.392455,-1.786003,b
1.919666,-1.419258,b
1.289269,-1.413463,b
-0.185369,-2.360914,b
-0.337558,-2.142124,b
-0.718866,-1.885305,b
-1.651765,-0.751443,b
0.983161,-1.72407,b
2.005051,-0.535208,b
-1.454964,5.142118,c
-1.057988,-5.410215,c
4.307847,1.268187,c
3.1095,-2.005986,c
3.993878,0.824427,c
-0.614424,3.765698,c
-3.649076,-2.347055,c
3.763647,0.992905,c
4.224283,-0.59997,c
-4.015337,-0.278058,c
-1.514353,-3.334022,c
-1.807919,2.899983,c
2.144544,-4.322139,c
-3.772723,-1.604135,c
1.670984,-3.482231,c
-2.0577,3.75302,c
-0.157593,-5.023431,c
4.39268,0.511083,c
4.340898,-0.940292,c
-1.945673,-4.473274,c
-0.691393,3.89048,c
2.482026,3.651568,c
1.64516,4.130759,c
3.103933,3.460524,c
4.135757,-3.182908,c
3.678162,0.84106,c
1.359533,-4.749443,c
-2.447674,-3.431486,c
-2.487134,2.682149,c
-3.482033,3.37677,c
3.515435,2.013046,c
-3.827125,-3.868041,c
-3.156754,-2.668298,c
-0.398425,-4.603268,c
1.124422,4.926524,c
-2.158504,-3.315526,c
-1.493861,4.731661,c
3.3572,1.512401,c
-1.028914,-5.374847,c
2.502521,-2.765907,c
5.2247,0.122577,c
4.208534,-2.992444,c
3.234548,4.254206,c
-4.621843,-0.818729,c
5.240637,-1.812255,c
1.032722,-3.927379,c
4.246743,-1.359394,c
0.723341,3.644411,c
0.342731,3.379204,c
4.090943,-3.536839,c
1.761767,-4.811668,c
-3.984736,-0.129234,c
-4.633099,0.510229,c
2.4643,3.08406,c
-0.746093,5.554849,c
2.980517,3.458137,c
5.305989,1.280254,c
2.151635,2.930364,c
3.404736,4.448072,c
-5.525762,0.203072,c
3.045358,-4.411187,c
2.297611,4.518647,c
-1.827659,3.558264,c
0.621217,4.008708,c
2.114488,-5.191535,c
5.129406,-1.12811,c
0.521905,4.607341,c
0.697677,4.996593,c
0.716482,4.892395,c
0.08838,-4.701551,c
5.178028,-0.099189,c
0.608955,-4.789736,c
-3.928413,0.607126,c
0.693944,4.924843,c
1.136491,-3.429504,c
0.399542,-3.734183,c
-5.116546,0.523269,c
-4.395169,-2.406914,c
3.341635,-0.861689,c
4.298648,-0.519804,c
-2.533035,3.574784,c
-3.470378,-3.727446,c
0.636524,-3.518375,c
-1.522415,-4.995999,c
2.989922,-3.406694,c
-1.048461,-4.540681,c
3.897135,3.313877,c
-0.649525,3.987922,c
4.264501,-3.253347,c
-0.012066,-4.172751,c
3.435851,2.473377,c
-4.178479,2.514811,c
3.814151,2.124075,c
0.157232,-5.246528,c
3.315307,-2.271017,c
3.223892,-1.498989,c
3.788325,2.061579,c
-1.573978,-5.124441,c
5.11237,1.085175,c
3.666461,2.492377,c
-2.748547,-1.97436,c
3.647793,-1.214075,c
-3.342702,-3.932749,c
-3.158986,4.306411,c
3.455762,2.399342,c
1.248025,5.441773,c
-0.230799,4.906768,c
1.568444,3.868798,c
-3.939905,2.88957,c
2.219289,-4.51779,c
4.097978,-3.082607,c
-4.166587,3.197442,c
-3.084609,1.878269,c
2.059718,-4.018763,c
-0.005392,-3.941409,c
-2.099765,3.411461,c
-4.105439,1.721475,c
-2.02514,4.889679,c
2.560278,-3.74619,c
-2.167205,-3.637265,c
-3.127038,-1.840672,c
0.886786,4.378302,c
-1.231906,-3.424565,c
4.626334,2.646779,c
-0.072989,-3.553949,c
-4.766063,-0.734636,c
5.155728,0.337572,c
-2.821138,-2.755924,c
-4.749668,2.060242,c
3.803113,2.162787,c
-2.352155,-2.857935,c
3.38979,-4.301436,c
4.541931,-2.477303,c
5.009096,-0.638909,c
-0.358458,4.644999,c
-2.686153,2.236018,c
-2.874024,-2.359627,c
4.47711,-3.340618,c
-4.632532,-2.497019,c
-3.883234,3.955596,c
1.571626,-4.224458,c
-4.727356,-2.847637,c
-4.694419,0.976321,c
-1.856122,-3.286803,c
2.304122,3.068464,c
4.142364,0.762487,c
0.063617,3.942004,c
-2.551387,-2.985549,c
5.444795,-0.590675,c
-2.011636,-3.380676,c
-1.392731,-4.757009,c
0.705523,-3.400412,c
2.55637,-2.376142,c
-3.786416,0.44997,c
-4.396744,1.955324,c
-1.796703,3.343624,c
-1.14588,4.17884,c
1.098441,3.451823,c
-3.37885,-3.943839,c
2.402568,3.117843,c
4.971955,2.388381,c
0.527584,-4.931275,c
4.75753,0.501347,c
-2.935606,1.827261,c
3.540236,1.152304,c
3.779077,3.788709,c
0.025845,-5.120563,c
-3.957688,0.255121,c
-4.1205,1.853676,c
0.369338,-3.885781,c
-4.844107,0.790747,c
-3.99064,-1.906975,c
-1.652557,3.980771,c
1.583603,-4.905391,c
0.56006,-5.333004,c
0.637274,-5.146637,c
-4.238557,-3.098603,c
-4.130225,-0.517695,c
0.33768,5.475922,c
-1.840805,4.53799,c
-1.163066,4.192217,c
-5.030886,2.021914,c
-4.469395,1.63732,c
-1.417199,-4.881722,c
-5.011148,-1.801173,c
-3.538414,3.809207,c
4.197677,-1.042659,c
-3.398521,3.561281,c
-5.500841,-0.66854,c
-0.189141,-5.240798,c
-4.402745,3.098306,c
-4.721846,-1.997895,c
-2.920718,-2.476776,c
0.915377,-3.590932,c
-3.70595,-1.913194,c
-4.904933,1.642851,c
3.099472,1.727165,c
4.036285,1.73022,c
4.312088,0.625274,c
4.174728,0.063557,c
0.539058,3.417818,c
0.245817,4.261828,c
-1.769832,-3.65638,c
-2.070978,4.088372,c
0.984524,-5.373098,c
4.049024,0.762831,c
-3.852735,1.396601,c
-0.103536,3.487649,c
-0.314584,-3.536296,c
5.368594,-0.789381,c
-1.587582,-4.41766,c
3.438181,0.571926,c
0.328262,4.859914,c
-4.019863,-2.011318,c
3.469725,-4.343079,c
-0.307926,-4.600485,c
0.492759,4.771555,c
3.749145,-0.409156,c
-3.264076,-2.247777,c
-3.240823,1.758011,c
1.118131,4.525397,c
-4.294591,-0.664096,c
-1.315361,-4.337845,c
-3.834311,3.245377,c
4.044866,-3.003364,c
-2.414782,4.131445,c
-4.423881,-1.481496,c
1.04222,4.701931,c
0.994643,-3.736707,c
-4.163457,2.140194,c
0.610774,-4.078932,c
-0.538123,4.573395,c
-1.732222,-4.027627,c
4.433091,2.833937,c
-0.134417,4.731732,c
1.428018,4.465546,c
3.786082,3.472025,c
-3.443343,3.847498,c
-5.196499,2.067562,c
1.335295,3.098824,c
-3.616696,-3.477023,c
-0.181373,4.871429,c
-4.786591,-0.844749,c
1.291331,4.256059,c
-4.867881,-2.288487,c
5.255311,-1.950482,c
-4.783878,-0.116615,c
-3.18781,3.701478,c
-2.082602,4.348897,c
3.17938,3.381416,c
3.784269,-4.147294,c
2.082186,4.016915,c
-2.098295,4.952257,c
3.737529,-2.76162,c
-3.657642,-3.86259,c
1.802574,-3.771468,c
-0.193213,-5.433493,c
-3.425752,-3.824569,c
5.078938,-1.185982,c
4.176053,2.020527,c
1.577394,5.153633,c
3.037899,-1.726801,c
0.769394,4.466959,c
-2.624349,-4.108419,c
-4.705078,-2.331986,c
-0.672801,3.887982,c
0.215083,-5.151122,c
0.775767,5.303081,c
-2.843862,4.608714,c
2.855857,-4.604449,c
4.108896,-2.292351,c
-2.219539,3.164832,c
1.92712,3.218188,c
-2.294762,-3.406386,c
-3.943791,-2.209948,c
-3.933201,-3.513351,c
-0.355724,5.592032,c
4.037452,-1.196119,c
-0.843293,-4.944807,c
-3.426324,3.247354,c
-3.393198,-3.126066,c
-1.634023,5.073938,c
0.493108,-4.396018,c
4.327801,-0.827873,c
-5.032301,-1.382829,c
-1.001917,5.354791,c
-2.476494,-2.359788,c
-0.141373,5.293388,c
-0.873001,-4.689061,c
0.298258,-5.286402,c
-3.962532,-2.92407,c
-2.373395,-3.693579,c
-4.466019,-3.30514,c
-3.196719,1.867964,c
-3.7348,0.392571,c
-1.12561,-4.716407,c
5.248001,-1.511341,c
3.473689,0.169366,c
0.909699,-4.51316,c
3.224538,-1.773242,c
0.471891,4.961109,c
2.148231,-4.429352,c
-2.832833,-2.662434,c
0.923365,-3.517343,c
-1.20009,3.989032,c
5.073377,1.807356,c
5.036181,-0.998216,c
-3.191922,-4.575779,c
3.474235,2.538598,c
1.144661,-4.09429,c
2.563717,-3.4023,c
-1.528566,4.547806,c
2.052916,-2.884006,c
-2.252782,2.792855,c
0.165211,-4.878264,c
-4.675804,-1.852937,c
-5.264599,-1.071051,c
4.625187,-0.886732,c
-3.624263,-1.325026,c
-4.676864,-1.303118,c
-5.464538,0.990178,c
-4.159228,-3.204386,c
-3.067194,4.650112,c
5.020367,-2.242836,c
-1.546533,-3.103595,c
-1.183762,-3.888476,c
-2.514612,4.005528,c
-4.78008,-1.642891,c
3.178368,-4.152773,c
4.945418,1.976126,c
0.482009,4.627582,c
-3.42177,-4.440338,c
3.195401,4.01536,c
-3.376025,3.383971,c
1.435196,-3.861487,c
-4.963161,0.94396,c
-3.72226,0.906526,c
4.270319,-0.25118,c
3.658062,4.177296,c
-2.166564,-4.388448,c
0.077212,4.81514,c
1.570034,3.13132,c
-3.583014,2.473071,c
0.653559,-4.410987,c
-5.350883,1.490056,c
-4.006751,0.912278,c
1.909194,4.472682,c
0.290375,3.373218,c
2.98795,4.328595,c
-0.144522,3.418013,c
-0.35052,4.157332,c
-4.015666,2.503704,c
-0.934098,3.362504,c
-3.225395,2.806328,c
1.920761,3.517691,c
1.058463,4.566184,c
-0.068572,-4.039725,c
-4.153194,1.629293,c
4.428828,1.805821,c
5.501498,-0.176469,c
-2.308069,-3.622083,c
-2.517668,4.884825,c
-4.184185,-0.842121,c
5.431637,1.163073,c
2.473424,-3.131485,c
3.58495,-3.27207,c
2.313295,-3.555453,c
-2.777919,3.160164,c
-0.392964,4.401542,c
-1.821104,-5.122147,c
2.757552,4.331152,c
3.774232,2.981614,c
0.479069,3.63688,c
-2.567402,-3.00276,c
2.440383,2.349213,c
2.666284,4.293456,c
-4.736668,0.152002,c
-4.291402,0.500606,c
-0.491101,-4.301079,c
5.184942,-0.831397,c
-2.758592,3.904269,c
4.879527,0.226911,c
-3.543537,-1.981764,c
-2.982934,2.214819,c
-3.846243,2.27059,c
1.51369,5.00385,c
-3.464421,-1.607277,c
-4.211899,-0.214013,c
-3.264418,-3.040263,c
-2.087553,-4.307051,c
-0.925727,5.282577,c
-0.266432,3.899851,c
-0.434998,3.899851,c
-1.70398,4.322527,c
2.949007,2.550543,c
1.94497,-4.204865,c
-1.588193,-3.73248,c
-0.784672,3.700539,c
1.180575,4.694094,c
2.707951,-4.077724,c
-2.074186,-3.741673,c
5.015064,-0.63648,c
3.739032,0.612566,c
4.500144,1.500392,c
-3.301671,-3.454267,c
-4.438852,3.248658,c
2.336672,4.276772,c
-4.063985,-1.515082,c
4.969715,-1.099304,c
5.228851,-0.899015,c
3.158689,-3.460998,c
1.071324,-4.591393,c
-3.503704,-3.965701,c
3.552158,2.087146,c
1.322186,-3.53599,c
3.6898,4.200314,c
-4.270818,0.04495,c
-0.95114,-3.564689,c
5.143568,2.060215,c
0.231804,5.223485,c
-0.630766,-3.895061,c
3.980928,2.6376,c
-3.934126,-3.841724,c
4.490468,-2.119962,c
2.996061,2.344472,c
-3.456175,-3.368236,c
-3.963913,-1.825603,c
-2.632711,-3.33364,c
5.549006,-0.207669,c
-1.980816,4.346659,c
-2.375232,2.648455,c
-3.199081,3.741971,c
3.031942,3.251868,c
4.15976,2.762346,c
4.462848,2.647008,c
1.146695,5.373783,c
4.193544,0.143132,c
3.654556,-1.351172,c
-0.892861,-5.108024,c
-3.648993,1.555004,c
-1.711754,-4.907477,c
-2.862188,-2.230358,c
-3.539649,-0.013686,c
1.798563,-4.542623,c
0.20494,3.946739,c
1.823919,-5.255079,c
-3.017177,-2.687744,c
2.420111,4.276276,c
-1.395318,-5.212224,c
2.083325,3.877831,c
3.711642,3.918233,c
-3.643076,-1.805308,c
-1.640356,-3.062093,c
4.15675,3.570548,c
-5.339682,-1.556169,c
-3.649315,1.143007,c
-0.725598,5.486469,c
0.593963,4.402854,c
2.633624,-2.784579,c
-2.635575,3.17586,c
-3.539671,-0.7727,c
2.22093,2.724931,c
-2.434252,2.633228,c
1.469703,4.100969,c
-4.249007,-2.368192,c
-3.039789,1.498684,c
-0.617117,3.581685,c
3.248774,-4.336098,c
5.352904,0.414062,c
0.066373,-3.560367,c
2.606528,-2.385907,c
-3.676851,-0.22372,c
-4.60332,-1.887701,c
-3.857581,3.17916,c
-5.331415,1.171441,c
0.731591,4.869979,c
-4.607251,1.195534,c
-2.04145,-4.570255,c
-1.090629,5.030695,c
-4.051478,-1.90994,c
4.620656,-1.947068,c
3.462889,1.993416,c
0.208922,3.415202,c
-2.198079,-4.89536,c
0.2772,-4.736949,c
2.962954,3.793736,c
-2.632231,-2.538955,c
0.334578,4.026031,c
-1.891946,-4.45274,c
4.15301,1.595278,c
2.140031,-4.240722,c
-4.945713,-1.423881,c
4.747069,0.649332,c
3.243544,-1.637192,c
-0.933269,-3.275839,c
1.501477,3.783281,c
-1.346363,3.423146,c
4.319192,-3.268418,c
1.416341,4.950834,c
3.640519,-2.095726,c
-2.433224,2.478913,c
-3.535581,-2.84366,c
-3.86715,-3.282837,c
-1.335084,5.0806,c
-2.700725,-4.770423,c
2.647936,3.944844,c
3.939794,1.150386,c
-4.107545,1.276032,c
-2.69763,-3.666958,c
-0.122391,-4.418069,c
2.279146,-3.268386,c
4.659077,-1.716593,c
4.374726,-0.440929,c
-3.021397,-3.189699,c
-3.805281,2.411621,c
-1.603093,-3.941125,c
-0.733022,-3.627565,c
3.093362,-4.202896,c
2.130239,-4.843592,c
1.307293,-5.003449,c
0.389582,3.727967,c
-0.540611,3.379753,c
-2.530442,2.521382,c
0.942865,-4.271984,c
3.528243,1.815121,c
-1.586889,3.536394,c
1.538166,5.003578,c
-2.501125,4.083161,c
1.236389,-4.400227,c
1.168647,-4.187161,c
2.607768,-2.374111,c
3.444616,-4.344616,c
-2.46286,-4.786273,c
3.182637,1.768565,c
-5.0942,2.050923,c
-0.219536,-3.458359,c
-3.563684,3.375229,c
1.667523,4.759022,c
-2.566981,-4.937404,c
-4.58892,-3.058029,c
-0.828907,4.720084,c
3.485873,-3.463521,c
-0.873368,5.450543,c
-1.692633,4.457664,c
-4.519687,3.06834,c
-3.309407,1.324019,c
-0.884567,-5.469794,c
-3.532118,0.227042,c
4.717833,-1.60885,c
2.897281,-3.07895,c
1.84629,-2.90224,c
-1.947294,-4.619981,c
4.122456,1.972169,c
-2.968291,2.662953,c
-3.517636,-3.654244,c
-5.022475,-0.192931,c
1.851933,-3.106927,c
-1.309966,4.364363,c
2.55316,-4.622537,c
3.701043,1.473998,c
2.505241,3.436133,c
0.754402,-4.948653,c
-3.385469,-2.673517,c
3.854642,-3.479994,c
4.236031,2.008291,c
1.776506,-3.864076,c
-4.182221,2.800268,c
0.979853,5.435139,c
0.672765,-5.548362,c
-1.054797,3.365545,c
0.841361,-3.530749,c
4.657727,-1.085643,c
3.518595,1.361857,c
-1.374768,-4.064502,c
4.9288,-1.010125,c
5.556737,0.183238,c
-3.351424,4.485337,c
-5.022316,1.630487,c
4.520942,3.144065,c
0.564689,4.324241,c
4.94758,1.474248,c
-5.484995,-0.363617,c
-4.106738,-2.809301,c
1.150917,3.58723,c
-2.429444,-4.10713,c
3.448013,-4.020418,c
-1.491851,-4.410364,c
-0.685332,-3.386964,c
-0.047384,3.648047,c
-2.309903,-2.984504,c
-0.090997,5.120241,c
1.151369,-3.730819,c
-1.030455,-3.819531,c
0.804983,5.531005,c
-0.003616,-4.965888,c
2.279155,4.728914,c
5.206198,0.054434,c
3.550646,4.131036,c
2.009109,4.127764,c
5.469628,0.400287,c
-1.232948,-4.6157,c
5.029216,-1.017551,c
-2.494963,-3.34974,c
-3.825803,1.882954,c
3.139011,-2.295378,c
-2.068673,3.272114,c
-3.763715,2.738265,c
3.910845,-3.679003,c
2.714875,-2.524511,c
4.312161,-2.85698,c
-1.748115,-3.983734,c
5.185274,-0.546846,c
2.9565,-4.687195,c
0.414509,-5.227385,c
4.31731,-1.125511,c
-5.251745,0.123268,c
-4.246714,-2.431262,c
4.717977,-2.812993,c
-0.084128,4.629105,c
1.410045,-4.140252,c
-4.353031,1.661308,c
-4.782076,-0.081513,c
-2.980896,-4.567727,c
-3.95675,3.478156,c
0.979133,3.46089,c
-1.393964,-3.87288,c
4.167552,-2.23893,c
2.911138,1.70704,c
-3.468545,-1.949603,c
-3.366595,4.335095,c
-4.171646,-0.187986,c
-3.670556,0.62999,c
-2.961481,-4.011604,c
2.496286,3.88897,c
3.668572,0.580211,c
1.300131,-3.870984,c
0.300408,3.427559,c
3.385776,0.058733,c
-1.719519,4.889522,c
3.467304,-3.842125,c
-3.421685,-4.330958,c
-1.888174,3.872652,c
3.987828,-1.359811,c
-2.8208,3.140091,c
1.323042,-4.00601,c
3.972406,-2.347585,c
-0.097117,-4.667415,c
1.092835,3.925567,c
0.143088,4.089596,c
2.2959,-3.677219,c
2.168263,4.752164,c
-3.55289,-0.399854,c
-2.219798,2.99205,c
-5.518016,0.587073,c
-4.51999,0.828827,c
-4.223987,1.64249,c
-0.143068,4.336193,c
-2.766734,-3.553542,c
-5.100256,-0.98896,c
-4.037235,3.089769,c
-1.27324,-3.857546,c
-3.557119,1.656269,c
0.100993,-4.055184,c
3.600317,-2.081112,c
-3.406552,-3.358308,c
1.928613,-4.598898,c
-1.279427,5.275224,c
-5.30763,0.045146,c
-4.764382,0.735433,c
-3.834167,-3.658838,c
4.645867,2.939477,c
-2.878579,3.68629,c
1.89237,-4.573313,c
2.366001,-3.072852,c
-4.18318,-2.992174,c
-1.278279,4.721933,c
3.708058,-4.171915,c
-1.78872,-4.022329,c
-1.95076,-4.181274,c
2.494422,4.736518,c
3.821202,3.55987,c
-4.234297,-0.070956,c
-3.15851,-3.132417,c
1.665073,3.960908,c
-4.980404,-2.025612,c
3.438299,-1.157119,c
-0.291078,5.001902,c
-2.804223,2.421873,c
2.771617,-2.129209,c
-3.953702,-3.902078,c
2.581042,-4.796687,c
3.004418,2.503682,c
-3.291375,-4.36417,c
-3.225361,1.144708,c
5.373898,-0.598391,c
3.587343,-2.945109,c
-2.674346,-3.971363,c
-1.923644,5.251091,c
-2.67739,4.699147,c
3.038009,-2.584057,c
-4.102453,-1.296362,c
1.036518,4.253865,c
-4.073571,-1.129234,c
-2.656563,4.776029,c
5.119566,-1.429611,c
-2.913906,3.559766,c
3.530838,-3.26729,c
-0.090741,-3.752265,c
0.013581,4.28471,c
-0.898958,-3.425692,c
4.624443,2.12205,c
3.303919,2.134652,c
0.453046,3.845141,c
-4.621882,0.894209,c
3.042,-4.585928,c
5.165684,-0.853619,c
-0.487161,-3.995648,c
-0.7014,-4.446432,c
2.636348,-3.396139,c
3.491092,-2.849614,c
-2.210245,3.922276,c
-1.946991,-3.482474,c
2.446728,3.347552,c
-2.583726,2.589733,c
-4.235767,2.485272,c
-2.341684,-3.258692,c
-1.897447,4.835198,c
-3.957016,-2.05938,c
0.150326,-4.725805,c
4.184888,-1.9609,c
-3.080366,-3.041074,c
3.780577,-1.343388,c
2.07338,3.143479,c
-3.043256,2.495357,c
-0.039198,5.532218,c
1.37852,-3.62719,c
4.163454,3.139035,c
4.176226,2.306042,c
3.765623,-2.900237,c
-3.997292,-1.683441,c
3.828149,-0.821435,c
-1.617041,4.147736,c
3.835352,-0.604079,c
3.379459,3.33571,c
-0.838313,4.01958,c
-0.224001,-4.764574,c
-5.461663,0.573866,c
-4.390307,2.810514,c
1.947051,-3.59235,c
-3.210139,-2.549726,c
-2.809261,4.646694,c
1.916787,-5.111523,c
-3.221669,4.054569,c
2.058518,-3.53569,c
0.058841,3.667961,c
2.714523,4.179934,c
-3.710758,1.124476,c
-1.609919,-4.193615,c
-3.105708,3.74438,c
-3.501877,1.277892,c
2.325219,-3.798864,c
1.326247,5.410545,c
4.016275,-2.4026,c
-1.942814,-5.145016,c
1.179017,5.042794,c
4.006619,1.376049,c
1.413769,4.903402,c
3.41803,4.171019,c
-3.041669,-1.661372,c
-3.392174,0.9533,c
5.054807,-1.53407,c
1.863966,3.207217,c
3.032347,3.095033,c
4.9422,2.351899,c
-2.800055,4.110263,c
3.58786,0.984872,c
-3.720045,-1.822769,c
2.432452,-4.197606,c
4.094966,1.849963,c
1.660837,3.50583,c
-3.03242,-2.971331,c
-1.598479,-4.298361,c
5.499151,0.152586,c
-4.51609,-2.104177,c
-0.016147,-4.935789,c
-2.539906,2.22101,c
0.546262,4.412403,c
-2.983614,3.350209,c
0.238806,-3.64742,c
2.152465,5.113561,c
0.977454,3.796992,c
-4.245231,-2.691004,c
-3.564482,-1.400092,c
1.838147,3.712826,c
1.772154,4.854518,c
3.775466,0.950288,c
4.614284,-2.779215,c
0.942621,3.742502,c
3.960822,-1.297278,c
-5.465281,0.858851,c
3.167357,-3.138092,c
-3.091893,-4.116234,c
2.775552,4.066564,c
3.034115,-4.183404,c
-1.762147,-4.170403,c
3.558962,-2.266307,c
1.710287,-5.187834,c
0.547634,5.21207,c
1.85458,-3.356712,c
-4.785434,1.128087,c
1.088914,3.44282,c
3.087585,3.052273,c
2.95074,-2.228902,c
-1.625931,4.049728,c
-3.828173,-1.993236,c
4.706984,2.957494,c
-3.034616,4.601579,c
3.673531,1.516609,c
4.845005,1.94149,c
-3.085578,-3.814487,c
-3.903517,-2.211936,c
2.535862,-2.6399,c
1.579536,5.21428,c
2.516155,4.380046,c
5.338031,-1.00512,c
3.524209,-0.587325,c
-0.395193,4.349542,c
4.593416,1.920831,c
1.543652,-4.328174,c
4.666818,1.473783,c
4.263687,3.462,c
2.089985,4.218384,c
2.599721,2.859771,c
1.078505,-3.686267,c
-1.137031,3.938515,c
4.314533,-2.544657,c
4.622593,-0.242002,c
3.595346,-0.655707,c
0.25647,-3.937739,c
-4.723727,2.05593,c
2.331587,-3.788676,c
-2.687411,-2.437319,c
-5.278689,0.227373,c
1.900378,-3.329488,c
0.981015,-4.990023,c
-3.644708,-0.445164,c
3.796686,2.50029,c
-3.816293,1.385751,c
-2.020831,-4.041566,c
1.511572,-3.058702,c
4.567355,-2.540516,c
2.319924,-4.817012,c
-4.460823,2.215051,c
5.201503,-1.017014,c
-3.905673,-3.522277,c
-0.229356,-5.190109,c
-3.027794,-3.807963,c
3.825572,-1.061042,c
2.508317,-2.923838,c
-3.929465,-3.489178,c
2.869544,-3.366352,c
-2.13829,3.001377,c
1.968907,-5.101585,c
-3.132219,2.853539,c
4.637911,1.051962,c
4.644976,1.081614,c
-2.524437,4.709845,c
0.354139,3.902344,c
4.603292,1.566751,c
4.422973,3.004102,c
-1.286268,-5.412623,c
2.561422,-3.213084,c
0.832979,4.39278,c
3.667848,-2.597175,c
-2.347022,-3.180727,c
-1.17995,-4.131308,c
-1.755195,-3.648353,c
3.723507,0.746098,c
3.401049,-0.330451,c
-3.717988,-1.324834,c
-2.293044,-2.676609,c
-2.887544,4.171154,c
-1.961959,4.792254,c
2.135266,3.986709,c
-4.06209,3.140404,c
2.836822,-2.796452,c
3.626302,-3.118579,c
3.356495,1.071959,c
2.647271,3.50887,c
-4.212485,0.387796,c
-4.885498,-1.689345,c
4.123501,-1.424902,c
5.100218,-0.906178,c
-2.658188,4.05509,c
-3.780262,-3.430972,c
-4.044744,-1.913448,c
-5.085785,1.948026,c
-3.437548,0.229128,c
3.142312,-2.772668,c
2.160443,-3.874806,c
1.812234,-4.002471,c
-2.300039,-2.650069,c
1.194846,4.215315,c
-3.794039,-0.644762,c
3.446747,-0.157684,c
5.133932,1.708346,c
3.235625,-3.139201,c
2.750021,2.564676,c
3.275762,2.489933,c
1.94182,4.151106,c
5.134702,-1.727032,c
-0.78759,4.777453,c
2.401183,-4.985408,c
4.16649,2.246577,c
0.799776,4.838304,c
4.141661,2.294228,c
-0.846457,5.099076,c
-3.5192,3.23082,c
2.444936,-3.579428,c
4.307091,-3.475533,c
2.769968,4.212668,c
2.349715,4.958885,c
0.712292,-3.81778,c
-4.898352,-0.730715,c
5.212763,-1.352226,c
-5.239148,1.202734,c
1.225765,5.168036,c
0.809246,-4.78584,c
-4.524883,-1.070665,c
-4.296578,0.724552,c
2.947198,-1.696422,c
-0.022821,-3.660802,c
-2.441128,-2.506951,c
-4.982481,1.671255,c
-1.349143,3.136826,c
3.618416,-2.643894,c
4.694199,1.437081,c
2.933743,3.37369,c
-4.310287,2.540813,c
-2.596255,-4.710923,c
5.035056,-1.925879,c
4.554286,0.103796,c
-3.127548,-2.368856,c
-3.213325,3.882702,c
-3.412527,3.291567,c
-3.870031,1.538723,c
-2.966342,3.850225,c
2.932996,3.390758,c
4.939386,2.283698,c
2.490665,4.529473,c
4.335934,-0.52882,c
-4.193417,-1.064576,c
-4.399217,0.777343,c
3.644219,1.942074,c
-1.866607,4.374974,c
3.077769,3.405585,c
4.890731,-0.438811,c
4.868577,-0.817121,c
-2.871875,-2.429019,c
-2.989302,-3.024802,c
5.018392,-1.430443,c
0.350037,4.443343,c
-3.740076,2.719946,c
-2.491779,4.163681,c
-2.704671,-2.018458,c
0.58546,-5.024233,c
2.781927,4.229237,c
2.598197,2.763544,c
3.771245,1.920175,c
-4.751917,-2.566841,c
-3.473585,0.924255,c
3.905759,-2.831783,c
0.345847,4.101422,c
-4.001826,-1.885708,c
-1.340613,-4.990295,c
0.251334,-3.569197,c
-4.171004,-1.354318,c
4.723024,2.436242,c
-0.804389,4.261286,c
-3.129383,-2.558064,c
-2.839409,-4.435439,c
-2.809726,-3.110328,c
3.65098,-3.752905,c
2.860379,-2.081015,c
4.909242,0.22769,c
2.852668,-3.404875,c
2.473469,-3.236567,c
5.249636,-1.973015,c
4.478385,-1.140949,c
0.96658,5.091855,c
3.492658,2.747596,c
-2.98482,-4.46707,c
2.203665,3.834823,c
3.780908,-0.760409,c
4.501403,1.694164,c
4.221331,-0.045618,c
4.483162,2.921077,c
-0.524097,3.659981,c
-3.563939,-4.183029,c
-4.781256,-0.034948,c
